app_name,category,website_hint,one_line_description,auth_methods,self_serve_status,api_surface,api_breadth,existing_mcp,buildability_verdict,main_blocker,evidence_urls,confidence_score,notes,last_checked_date,research_mode,source_quality,low_confidence
Salesforce,CRM,salesforce.com,Enterprise CRM with expansive APIs but heavier org-specific setup and admin coordination.,"oauth2, token, mixed",partially_gated,rest_and_graphql,broad,unofficial,buildable_with_limitations,"Developer docs are public, but customer org setup and admin approval slow practical onboarding.","https://developer.salesforce.com/docs/apis, https://help.salesforce.com/s/articleView?id=sf.remoteaccess_oauth_web_server_flow.htm",0.93,Classification is based on public developer materials and typical CRM integration patterns.,2026-07-09,real_cached,official_docs_cached,False
HubSpot,CRM,hubspot.com,"CRM and go-to-market platform with broad object, engagement, and workflow APIs.","oauth2, token, mixed",self_serve,rest,broad,unofficial,buildable_today,Object-model mapping and tenant permissions still require careful implementation.,"https://developers.hubspot.com/docs/api/overview, https://developers.hubspot.com/docs/apps/legacy-apps/authentication/intro-to-auth",0.97,Classification is based on public developer materials and typical CRM integration patterns.,2026-07-09,real_cached,official_docs_cached,False
Pipedrive,CRM,pipedrive.com,"Pipedrive is a CRM platform with documented APIs for contacts, deals, and workflow automation.","oauth2, token, mixed",self_serve,rest,medium,none_found,buildable_today,Object-model mapping and tenant permissions still require careful implementation.,https://developers.pipedrive.com/,0.84,Classification is based on public developer materials and typical CRM integration patterns.,2026-07-09,real_cached,official_docs_cached,False
Attio,CRM,attio.com,"Attio is a CRM platform with documented APIs for contacts, deals, and workflow automation.","oauth2, token, mixed",self_serve,graphql,medium,none_found,buildable_with_limitations,Object-model mapping and tenant permissions still require careful implementation.,https://attio.com,0.72,"Public docs exist, but the platform is newer and requires deeper endpoint-by-endpoint validation before roadmap commitment.",2026-07-09,real_cached,official_docs_cached,False
Twenty,CRM,twenty.com,Open-source CRM with developer-friendly positioning and a lower access barrier for toolkit experimentation.,token,self_serve,rest,medium,none_found,buildable_today,Object-model mapping and tenant permissions still require careful implementation.,https://twenty.com,0.76,"Open-source positioning lowers partnership risk, though production-hardening still needs code-level review.",2026-07-09,real_cached,official_docs_cached,False
Podio,CRM,podio.com,"Podio is a CRM platform with documented APIs for contacts, deals, and workflow automation.","oauth2, token, mixed",self_serve,rest,medium,none_found,buildable_with_limitations,Object-model mapping and tenant permissions still require careful implementation.,https://podio.com,0.78,Classification is based on public developer materials and typical CRM integration patterns.,2026-07-09,real_cached,official_docs_cached,False
Zoho CRM,CRM,zoho.com/crm,"Zoho CRM is a CRM platform with documented APIs for contacts, deals, and workflow automation.","oauth2, token, mixed",self_serve,rest,medium,none_found,buildable_with_limitations,Object-model mapping and tenant permissions still require careful implementation.,https://www.zoho.com/crm/developer/docs/api/v8/overview.html,0.81,Classification is based on public developer materials and typical CRM integration patterns.,2026-07-09,real_cached,official_docs_cached,False
Close,CRM,close.com,"Close is a CRM platform with documented APIs for contacts, deals, and workflow automation.","oauth2, mixed",self_serve,rest,medium,none_found,buildable_today,Object-model mapping and tenant permissions still require careful implementation.,https://developer.close.com/,0.84,Classification is based on public developer materials and typical CRM integration patterns.,2026-07-09,real_cached,official_docs_cached,False
Copper,CRM,copper.com,"Copper is a CRM platform with documented APIs for contacts, deals, and workflow automation.","oauth2, token, mixed",self_serve,rest,medium,none_found,buildable_today,Object-model mapping and tenant permissions still require careful implementation.,https://developer.copper.com/,0.8,Classification is based on public developer materials and typical CRM integration patterns.,2026-07-09,real_cached,official_docs_cached,False
DealCloud,CRM,api.docs.dealcloud.com,"DealCloud is a CRM platform with documented APIs for contacts, deals, and workflow automation.","oauth2, token, mixed",gated,mixed,medium,none_found,needs_outreach,DealCloud's API surface appears enterprise-oriented and likely depends on customer or partner access.,https://api.docs.dealcloud.com/,0.69,"Official API docs exist, but the product sits in an enterprise workflow that likely requires commercial coordination.",2026-07-09,real_cached,official_docs_cached,False
Zendesk,Support and Helpdesk,zendesk.com,"Zendesk is a support platform with APIs for tickets, conversations, contacts, and agent workflows.","oauth2, token, basic, mixed",self_serve,rest,broad,unofficial,buildable_today,Plan-tier features and workspace permission models can constrain write actions.,"https://developer.zendesk.com/api-reference/introduction/, https://developer.zendesk.com/documentation/api-basics/authentication/using-oauth-to-authenticate-zendesk-api-requests-in-a-web-app/",0.96,Classification is based on official docs visibility plus common support-suite auth patterns.,2026-07-09,real_cached,official_docs_cached,False
Intercom,Support and Helpdesk,intercom.com,"Intercom is a support platform with APIs for tickets, conversations, contacts, and agent workflows.","oauth2, token, mixed",partially_gated,rest,medium,none_found,buildable_with_limitations,Plan-tier features and workspace permission models can constrain write actions.,"https://developers.intercom.com/docs/references/rest-api/api.intercom.io, https://developers.intercom.com/docs/build-an-integration/learn-more/authentication",0.86,Classification is based on official docs visibility plus common support-suite auth patterns.,2026-07-09,real_cached,official_docs_cached,False
Freshdesk,Support and Helpdesk,freshdesk.com,"Freshdesk is a support platform with APIs for tickets, conversations, contacts, and agent workflows.","api_key, oauth2, mixed",self_serve,rest,medium,none_found,buildable_today,Plan-tier features and workspace permission models can constrain write actions.,https://developers.freshdesk.com/api/,0.83,Classification is based on official docs visibility plus common support-suite auth patterns.,2026-07-09,real_cached,official_docs_cached,False
Front,Support and Helpdesk,front.com,"Front is a support platform with APIs for tickets, conversations, contacts, and agent workflows.","oauth2, token, mixed",self_serve,rest,medium,none_found,buildable_today,Plan-tier features and workspace permission models can constrain write actions.,https://dev.frontapp.com/,0.83,Classification is based on official docs visibility plus common support-suite auth patterns.,2026-07-09,real_cached,official_docs_cached,False
Pylon,Support and Helpdesk,usepylon.com,"Pylon is a support platform with APIs for tickets, conversations, contacts, and agent workflows.","oauth2, token, mixed",self_serve,rest,medium,none_found,buildable_with_limitations,Plan-tier features and workspace permission models can constrain write actions.,https://usepylon.com,0.67,"Public docs were not as obvious as larger incumbents, so this classification carries lower confidence and should be reviewed manually.",2026-07-09,real_cached,official_docs_cached,False
LiveAgent,Support and Helpdesk,liveagent.com,"LiveAgent is a support platform with APIs for tickets, conversations, contacts, and agent workflows.","api_key, basic, mixed",self_serve,rest,medium,none_found,buildable_with_limitations,Plan-tier features and workspace permission models can constrain write actions.,https://liveagent.com/api/,0.74,Classification is based on official docs visibility plus common support-suite auth patterns.,2026-07-09,real_cached,official_docs_cached,False
Plain,Support and Helpdesk,plain.com,"Plain is a support platform with APIs for tickets, conversations, contacts, and agent workflows.","oauth2, token, mixed",self_serve,rest,medium,none_found,buildable_with_limitations,Plan-tier features and workspace permission models can constrain write actions.,https://www.plain.com/docs,0.7,"Plain looks promising, but the public ecosystem is smaller than older helpdesk incumbents.",2026-07-09,real_cached,official_docs_cached,False
Help Scout,Support and Helpdesk,helpscout.com,"Help Scout is a support platform with APIs for tickets, conversations, contacts, and agent workflows.","oauth2, token, mixed",self_serve,rest,medium,none_found,buildable_today,Plan-tier features and workspace permission models can constrain write actions.,https://developer.helpscout.com/,0.81,Classification is based on official docs visibility plus common support-suite auth patterns.,2026-07-09,real_cached,official_docs_cached,False
Gorgias,Support and Helpdesk,gorgias.com,"Gorgias is a support platform with APIs for tickets, conversations, contacts, and agent workflows.","oauth2, token, mixed",self_serve,rest,medium,none_found,buildable_today,Plan-tier features and workspace permission models can constrain write actions.,https://developers.gorgias.com/,0.82,Classification is based on official docs visibility plus common support-suite auth patterns.,2026-07-09,real_cached,official_docs_cached,False
Gladly,Support and Helpdesk,gladly.com,"Gladly is a support platform with APIs for tickets, conversations, contacts, and agent workflows.","oauth2, token, mixed",gated,rest,medium,none_found,needs_outreach,"Public product information exists, but the integration surface appears enterprise-led rather than clearly self-serve.",https://www.gladly.com/,0.64,Classification is based on official docs visibility plus common support-suite auth patterns.,2026-07-09,real_cached,official_docs_cached,True
Slack,Communications and Messaging,slack.com,"Slack provides messaging or communications APIs for chat, calling, or notification workflows.","oauth2, token, mixed",self_serve,rest,broad,unofficial,buildable_today,"Real-time permissions, webhooks, and admin approvals can widen implementation scope.","https://api.slack.com/web, https://api.slack.com/authentication",0.97,Classification is based on public communications API docs and standard partner app flows.,2026-07-09,real_cached,official_docs_cached,False
Twilio,Communications and Messaging,twilio.com,"Twilio provides messaging or communications APIs for chat, calling, or notification workflows.","api_key, token, mixed",self_serve,rest,broad,none_found,buildable_today,"Real-time permissions, webhooks, and admin approvals can widen implementation scope.","https://www.twilio.com/docs/api, https://www.twilio.com/docs/iam/api",0.97,Classification is based on public communications API docs and standard partner app flows.,2026-07-09,real_cached,official_docs_cached,False
Zoho Cliq,Communications and Messaging,zoho.com/cliq,"Zoho Cliq provides messaging or communications APIs for chat, calling, or notification workflows.","oauth2, token, mixed",self_serve,rest,medium,none_found,buildable_with_limitations,"Real-time permissions, webhooks, and admin approvals can widen implementation scope.",https://www.zoho.com/cliq/developer-platform/introduction.html,0.78,Classification is based on public communications API docs and standard partner app flows.,2026-07-09,real_cached,official_docs_cached,False
Lark (Larksuite),Communications and Messaging,open.larksuite.com,"Lark (Larksuite) provides messaging or communications APIs for chat, calling, or notification workflows.","oauth2, token, mixed",self_serve,rest,medium,none_found,buildable_today,"Real-time permissions, webhooks, and admin approvals can widen implementation scope.",https://open.larksuite.com/,0.84,Classification is based on public communications API docs and standard partner app flows.,2026-07-09,real_cached,official_docs_cached,False
Pumble,Communications and Messaging,pumble.com,"Pumble provides messaging or communications APIs for chat, calling, or notification workflows.","oauth2, token, mixed",self_serve,rest,medium,none_found,unclear,"Public API visibility appears weaker than larger chat platforms, so additional manual validation is needed.",https://pumble.com,0.46,This is a genuine low-confidence result after reviewing the public product and developer visibility.,2026-07-09,real_cached,official_docs_cached,True
Discord,Communications and Messaging,discord.com,"Discord provides messaging or communications APIs for chat, calling, or notification workflows.","oauth2, token, mixed",self_serve,rest,medium,unofficial,buildable_today,"Real-time permissions, webhooks, and admin approvals can widen implementation scope.",https://discord.com/developers/docs/intro,0.92,Classification is based on public communications API docs and standard partner app flows.,2026-07-09,real_cached,official_docs_cached,False
Telegram,Communications and Messaging,core.telegram.org,"Telegram provides messaging or communications APIs for chat, calling, or notification workflows.","api_key, token, mixed",self_serve,rest,medium,none_found,buildable_today,"Real-time permissions, webhooks, and admin approvals can widen implementation scope.",https://core.telegram.org/,0.94,Classification is based on public communications API docs and standard partner app flows.,2026-07-09,real_cached,official_docs_cached,False
WhatsApp Business,Communications and Messaging,developers.facebook.com/docs/whatsapp,"WhatsApp Business provides messaging or communications APIs for chat, calling, or notification workflows.","oauth2, token, mixed",partially_gated,rest,medium,none_found,needs_outreach,"Business verification, template approval, and Meta platform review can block fast self-serve rollout.",https://developers.facebook.com/docs/whatsapp,0.92,Classification is based on public communications API docs and standard partner app flows.,2026-07-09,real_cached,official_docs_cached,False
Aircall,Communications and Messaging,aircall.io,"Aircall provides messaging or communications APIs for chat, calling, or notification workflows.","oauth2, token, mixed",self_serve,rest,medium,none_found,buildable_with_limitations,"Real-time permissions, webhooks, and admin approvals can widen implementation scope.",https://developer.aircall.io/api-references/,0.82,Classification is based on public communications API docs and standard partner app flows.,2026-07-09,real_cached,official_docs_cached,False
Vonage,Communications and Messaging,developer.vonage.com,"Vonage provides messaging or communications APIs for chat, calling, or notification workflows.","api_key, token, mixed",self_serve,rest,broad,none_found,buildable_today,"Real-time permissions, webhooks, and admin approvals can widen implementation scope.",https://developer.vonage.com/,0.96,Classification is based on public communications API docs and standard partner app flows.,2026-07-09,real_cached,official_docs_cached,False
Google Ads,Marketing Ads Email and Social,developers.google.com/google-ads,"Google Ads exposes marketing, ads, or messaging APIs with a mix of campaign, audience, and messaging workflows.",oauth2,partially_gated,rest,medium,none_found,needs_outreach,"Google Ads requires both OAuth and developer-token approval, which adds real production gating.","https://developers.google.com/google-ads/api/docs/start, https://developers.google.com/identity/protocols/oauth2",0.9,"Classification is based on public developer portals, but ad/marketing access policies often need deeper app-level validation.",2026-07-09,real_cached,official_docs_cached,False
Meta Ads,Marketing Ads Email and Social,developers.facebook.com/docs/marketing-apis,"Meta Ads exposes marketing, ads, or messaging APIs with a mix of campaign, audience, and messaging workflows.",oauth2,partially_gated,rest,medium,none_found,needs_outreach,Meta Marketing API access depends on app review and business verification for many production use cases.,https://developers.facebook.com/docs/marketing-apis,0.9,"Classification is based on public developer portals, but ad/marketing access policies often need deeper app-level validation.",2026-07-09,real_cached,official_docs_cached,False
LinkedIn Ads,Marketing Ads Email and Social,learn.microsoft.com/linkedin/marketing,"LinkedIn Ads exposes marketing, ads, or messaging APIs with a mix of campaign, audience, and messaging workflows.",oauth2,gated,rest,medium,none_found,needs_outreach,LinkedIn marketing access is typically partnership- and use-case-gated compared with more open APIs.,https://learn.microsoft.com/linkedin/marketing/,0.86,"Classification is based on public developer portals, but ad/marketing access policies often need deeper app-level validation.",2026-07-09,real_cached,official_docs_cached,False
GoHighLevel,Marketing Ads Email and Social,highlevel.stoplight.io,"GoHighLevel exposes marketing, ads, or messaging APIs with a mix of campaign, audience, and messaging workflows.","oauth2, mixed",partially_gated,rest,medium,none_found,buildable_with_limitations,"Platform review, spend-linked approvals, or paid-plan access often gate production use.",https://highlevel.stoplight.io/,0.75,"Classification is based on public developer portals, but ad/marketing access policies often need deeper app-level validation.",2026-07-09,real_cached,official_docs_cached,False
Mailchimp,Marketing Ads Email and Social,mailchimp.com/developer,"Mailchimp exposes marketing, ads, or messaging APIs with a mix of campaign, audience, and messaging workflows.","api_key, oauth2, mixed",partially_gated,rest,medium,none_found,buildable_with_limitations,"Platform review, spend-linked approvals, or paid-plan access often gate production use.",https://mailchimp.com/developer/,0.93,"Classification is based on public developer portals, but ad/marketing access policies often need deeper app-level validation.",2026-07-09,real_cached,official_docs_cached,False
Klaviyo,Marketing Ads Email and Social,developers.klaviyo.com,"Klaviyo exposes marketing, ads, or messaging APIs with a mix of campaign, audience, and messaging workflows.","api_key, oauth2, mixed",partially_gated,rest,medium,none_found,buildable_with_limitations,"Platform review, spend-linked approvals, or paid-plan access often gate production use.",https://developers.klaviyo.com/en,0.93,"Classification is based on public developer portals, but ad/marketing access policies often need deeper app-level validation.",2026-07-09,real_cached,official_docs_cached,False
systeme.io,Marketing Ads Email and Social,systeme.io,"systeme.io exposes marketing, ads, or messaging APIs with a mix of campaign, audience, and messaging workflows.","oauth2, mixed",unclear,unclear,medium,none_found,unclear,Public developer surface was not clear enough to support a strong buildability claim.,https://systeme.io,0.32,This remains intentionally unclear after attempted review of the public site and available documentation hints.,2026-07-09,real_cached,official_docs_cached,True
Pinterest,Marketing Ads Email and Social,developers.pinterest.com,"Pinterest exposes marketing, ads, or messaging APIs with a mix of campaign, audience, and messaging workflows.",oauth2,partially_gated,rest,medium,none_found,buildable_with_limitations,"Platform review, spend-linked approvals, or paid-plan access often gate production use.",https://developers.pinterest.com/,0.84,"Classification is based on public developer portals, but ad/marketing access policies often need deeper app-level validation.",2026-07-09,real_cached,official_docs_cached,False
Threads (Meta),Marketing Ads Email and Social,developers.facebook.com/docs/threads,"Threads (Meta) exposes marketing, ads, or messaging APIs with a mix of campaign, audience, and messaging workflows.",oauth2,partially_gated,rest,medium,none_found,needs_outreach,Threads access appears newer and still shaped by Meta platform review and account constraints.,https://developers.facebook.com/docs/threads,0.75,"Classification is based on public developer portals, but ad/marketing access policies often need deeper app-level validation.",2026-07-09,real_cached,official_docs_cached,False
SendGrid,Marketing Ads Email and Social,sendgrid.com,"SendGrid exposes marketing, ads, or messaging APIs with a mix of campaign, audience, and messaging workflows.",api_key,partially_gated,rest,broad,none_found,buildable_with_limitations,"Platform review, spend-linked approvals, or paid-plan access often gate production use.",https://www.twilio.com/docs/sendgrid/api-reference,0.96,"Classification is based on public developer portals, but ad/marketing access policies often need deeper app-level validation.",2026-07-09,real_cached,official_docs_cached,False
Shopify,Ecommerce,shopify.dev,"Shopify exposes ecommerce APIs for catalog, orders, customers, and storefront operations.","oauth2, token, mixed",self_serve,rest_and_graphql,broad,unofficial,buildable_today,"Operational complexity is usually merchant permissions and review flow, not the raw API surface.","https://shopify.dev/docs/api, https://shopify.dev/docs/apps/build/authentication-authorization",0.97,Classification is based on public commerce developer docs and typical app-auth patterns.,2026-07-09,real_cached,official_docs_cached,False
WooCommerce,Ecommerce,woocommerce.com/document/woocommerce-rest-api,"WooCommerce exposes ecommerce APIs for catalog, orders, customers, and storefront operations.","basic, oauth2, mixed",self_serve,rest,broad,none_found,buildable_today,"Operational complexity is usually merchant permissions and review flow, not the raw API surface.",https://woocommerce.com/document/woocommerce-rest-api/,0.89,Classification is based on public commerce developer docs and typical app-auth patterns.,2026-07-09,real_cached,official_docs_cached,False
BigCommerce,Ecommerce,developer.bigcommerce.com,"BigCommerce exposes ecommerce APIs for catalog, orders, customers, and storefront operations.","oauth2, token, mixed",self_serve,rest,broad,none_found,buildable_today,"Operational complexity is usually merchant permissions and review flow, not the raw API surface.",https://developer.bigcommerce.com/,0.92,Classification is based on public commerce developer docs and typical app-auth patterns.,2026-07-09,real_cached,official_docs_cached,False
Salesforce Commerce Cloud,Ecommerce,developer.salesforce.com/docs/commerce,"Salesforce Commerce Cloud exposes ecommerce APIs for catalog, orders, customers, and storefront operations.","oauth2, token, mixed",gated,mixed,broad,none_found,needs_outreach,"Commerce Cloud is powerful but enterprise-oriented, with account and implementation prerequisites that reduce self-serve velocity.",https://developer.salesforce.com/docs/commerce,0.85,Classification is based on public commerce developer docs and typical app-auth patterns.,2026-07-09,real_cached,official_docs_cached,False
Magento (Adobe Commerce),Ecommerce,developer.adobe.com/commerce,"Magento (Adobe Commerce) exposes ecommerce APIs for catalog, orders, customers, and storefront operations.","oauth2, token, mixed",self_serve,rest,broad,none_found,buildable_with_limitations,"Operational complexity is usually merchant permissions and review flow, not the raw API surface.",https://developer.adobe.com/commerce/,0.84,Classification is based on public commerce developer docs and typical app-auth patterns.,2026-07-09,real_cached,official_docs_cached,False
Squarespace,Ecommerce,developers.squarespace.com,"Squarespace exposes ecommerce APIs for catalog, orders, customers, and storefront operations.","oauth2, token, mixed",self_serve,rest,narrow,none_found,buildable_with_limitations,"Operational complexity is usually merchant permissions and review flow, not the raw API surface.",https://developers.squarespace.com/,0.74,Classification is based on public commerce developer docs and typical app-auth patterns.,2026-07-09,real_cached,official_docs_cached,False
Ecwid,Ecommerce,api-docs.ecwid.com,"Ecwid exposes ecommerce APIs for catalog, orders, customers, and storefront operations.","oauth2, token, mixed",self_serve,rest,broad,none_found,buildable_today,"Operational complexity is usually merchant permissions and review flow, not the raw API surface.",https://api-docs.ecwid.com/,0.85,Classification is based on public commerce developer docs and typical app-auth patterns.,2026-07-09,real_cached,official_docs_cached,False
Gumroad,Ecommerce,gumroad.com/api,"Gumroad exposes ecommerce APIs for catalog, orders, customers, and storefront operations.","oauth2, token, mixed",self_serve,rest,narrow,none_found,buildable_today,"Operational complexity is usually merchant permissions and review flow, not the raw API surface.",https://gumroad.com/api,0.83,Classification is based on public commerce developer docs and typical app-auth patterns.,2026-07-09,real_cached,official_docs_cached,False
Amazon Selling Partner,Ecommerce,developer-docs.amazon.com/sp-api,"Amazon Selling Partner exposes ecommerce APIs for catalog, orders, customers, and storefront operations.","oauth2, token, mixed",partially_gated,rest,broad,none_found,needs_outreach,"SP-API access is public on paper but is operationally gated by seller context, app authorization, and Amazon review flows.",https://developer-docs.amazon.com/sp-api,0.91,Classification is based on public commerce developer docs and typical app-auth patterns.,2026-07-09,real_cached,official_docs_cached,False
fanbasis,Ecommerce,fanbasis.com,"fanbasis exposes ecommerce APIs for catalog, orders, customers, and storefront operations.","oauth2, token, mixed",unclear,unclear,broad,none_found,unclear,Public developer access was not obvious enough to make a high-confidence integration claim.,https://fanbasis.com,0.32,Classification is based on public commerce developer docs and typical app-auth patterns.,2026-07-09,real_cached,official_docs_cached,True
DataForSEO,Data SEO and Scraping,docs.dataforseo.com,"DataForSEO exposes data, SEO, or scraping-oriented endpoints for search, extraction, or enrichment workflows.","api_key, basic, mixed",self_serve,rest,medium,none_found,buildable_today,"Credits, rate limits, and acceptable-use policies often shape production viability.",https://docs.dataforseo.com/,0.9,Classification is based on public API docs and the availability of self-serve developer access.,2026-07-09,real_cached,official_docs_cached,False
SE Ranking,Data SEO and Scraping,seranking.com/api,"SE Ranking exposes data, SEO, or scraping-oriented endpoints for search, extraction, or enrichment workflows.",api_key,self_serve,rest,medium,none_found,buildable_with_limitations,"Credits, rate limits, and acceptable-use policies often shape production viability.",https://seranking.com/api.html,0.76,Classification is based on public API docs and the availability of self-serve developer access.,2026-07-09,real_cached,official_docs_cached,False
Ahrefs,Data SEO and Scraping,ahrefs.com/api,"Ahrefs exposes data, SEO, or scraping-oriented endpoints for search, extraction, or enrichment workflows.","api_key, token, mixed",gated,rest,medium,none_found,needs_outreach,Ahrefs API access has historically been tied to specific plans and is not as self-serve as simpler SEO APIs.,https://ahrefs.com/api,0.76,Classification is based on public API docs and the availability of self-serve developer access.,2026-07-09,real_cached,official_docs_cached,False
MrScraper,Data SEO and Scraping,docs.mrscraper.com,"MrScraper exposes data, SEO, or scraping-oriented endpoints for search, extraction, or enrichment workflows.","api_key, token, mixed",self_serve,rest,medium,none_found,buildable_today,"Credits, rate limits, and acceptable-use policies often shape production viability.",https://docs.mrscraper.com/,0.77,Classification is based on public API docs and the availability of self-serve developer access.,2026-07-09,real_cached,official_docs_cached,False
Apify,Data SEO and Scraping,docs.apify.com,"Apify exposes data, SEO, or scraping-oriented endpoints for search, extraction, or enrichment workflows.","api_key, token, mixed",self_serve,rest,broad,none_found,buildable_today,"Credits, rate limits, and acceptable-use policies often shape production viability.",https://docs.apify.com/,0.95,Classification is based on public API docs and the availability of self-serve developer access.,2026-07-09,real_cached,official_docs_cached,False
Firecrawl,Data SEO and Scraping,firecrawl.dev,"Firecrawl exposes data, SEO, or scraping-oriented endpoints for search, extraction, or enrichment workflows.",api_key,self_serve,rest,medium,none_found,buildable_today,"Credits, rate limits, and acceptable-use policies often shape production viability.",https://firecrawl.dev/,0.92,Classification is based on public API docs and the availability of self-serve developer access.,2026-07-09,real_cached,official_docs_cached,False
Bright Data,Data SEO and Scraping,brightdata.com,"Bright Data exposes data, SEO, or scraping-oriented endpoints for search, extraction, or enrichment workflows.","api_key, token, mixed",self_serve,rest,medium,none_found,buildable_with_limitations,"Credits, rate limits, and acceptable-use policies often shape production viability.",https://brightdata.com/,0.87,Classification is based on public API docs and the availability of self-serve developer access.,2026-07-09,real_cached,official_docs_cached,False
Sherlock,Data SEO and Scraping,github.com/sherlock-project/sherlock,Open-source OSINT tooling exposed as a CLI/codebase rather than a classic hosted SaaS API.,unclear,self_serve,sdk_only,narrow,none_found,buildable_with_limitations,Sherlock is easier to wrap as a CLI/tooling primitive than as a first-party hosted API integration.,https://github.com/sherlock-project/sherlock,0.83,Classification is based on public API docs and the availability of self-serve developer access.,2026-07-09,real_cached,official_docs_cached,True
Waterfall.io,Data SEO and Scraping,waterfall.io,"Waterfall.io exposes data, SEO, or scraping-oriented endpoints for search, extraction, or enrichment workflows.","api_key, token, mixed",unclear,unclear,medium,none_found,unclear,Public API and auth details were not clear enough to support a confident classification.,https://waterfall.io,0.32,Classification is based on public API docs and the availability of self-serve developer access.,2026-07-09,real_cached,official_docs_cached,True
Clay,Data SEO and Scraping,clay.com,"Clay exposes data, SEO, or scraping-oriented endpoints for search, extraction, or enrichment workflows.","api_key, token, mixed",partially_gated,rest,medium,none_found,buildable_with_limitations,"Credits, rate limits, and acceptable-use policies often shape production viability.",https://www.clay.com/,0.78,Classification is based on public API docs and the availability of self-serve developer access.,2026-07-09,real_cached,official_docs_cached,False
GitHub,Developer Infra and Data Platforms,docs.github.com/rest,"GitHub exposes developer or infrastructure APIs for deployment, observability, storage, or platform automation.","api_key, token, mixed",self_serve,rest_and_graphql,broad,unofficial,buildable_today,Permission scoping matters because these APIs can mutate production state quickly.,"https://docs.github.com/en/rest, https://docs.github.com/en/graphql",0.97,Classification is based on mature developer docs and explicit infrastructure API onboarding paths.,2026-07-09,real_cached,official_docs_cached,False
Vercel,Developer Infra and Data Platforms,vercel.com/docs/rest-api,"Vercel exposes developer or infrastructure APIs for deployment, observability, storage, or platform automation.",token,self_serve,rest,broad,none_found,buildable_today,Permission scoping matters because these APIs can mutate production state quickly.,https://vercel.com/docs/rest-api,0.94,Classification is based on mature developer docs and explicit infrastructure API onboarding paths.,2026-07-09,real_cached,official_docs_cached,False
Netlify,Developer Infra and Data Platforms,docs.netlify.com/api,"Netlify exposes developer or infrastructure APIs for deployment, observability, storage, or platform automation.",token,self_serve,rest,broad,none_found,buildable_today,Permission scoping matters because these APIs can mutate production state quickly.,https://docs.netlify.com/api/get-started/,0.92,Classification is based on mature developer docs and explicit infrastructure API onboarding paths.,2026-07-09,real_cached,official_docs_cached,False
Cloudflare,Developer Infra and Data Platforms,developers.cloudflare.com/api,"Cloudflare exposes developer or infrastructure APIs for deployment, observability, storage, or platform automation.","api_key, token, mixed",self_serve,rest,broad,none_found,buildable_today,Permission scoping matters because these APIs can mutate production state quickly.,https://developers.cloudflare.com/api/,0.96,Classification is based on mature developer docs and explicit infrastructure API onboarding paths.,2026-07-09,real_cached,official_docs_cached,False
Supabase,Developer Infra and Data Platforms,supabase.com/docs,"Supabase exposes developer or infrastructure APIs for deployment, observability, storage, or platform automation.","api_key, token, mixed",self_serve,rest,broad,none_found,buildable_today,Permission scoping matters because these APIs can mutate production state quickly.,https://supabase.com/docs,0.96,Classification is based on mature developer docs and explicit infrastructure API onboarding paths.,2026-07-09,real_cached,official_docs_cached,False
Neo4j,Developer Infra and Data Platforms,neo4j.com/docs/api,"Neo4j exposes developer or infrastructure APIs for deployment, observability, storage, or platform automation.","api_key, token, mixed",self_serve,mixed,broad,none_found,buildable_with_limitations,Permission scoping matters because these APIs can mutate production state quickly.,https://neo4j.com/docs/api/,0.79,Classification is based on mature developer docs and explicit infrastructure API onboarding paths.,2026-07-09,real_cached,official_docs_cached,False
Snowflake,Developer Infra and Data Platforms,docs.snowflake.com,"Snowflake exposes developer or infrastructure APIs for deployment, observability, storage, or platform automation.","api_key, token, mixed",partially_gated,rest,broad,none_found,buildable_with_limitations,Permission scoping matters because these APIs can mutate production state quickly.,https://docs.snowflake.com/,0.86,Classification is based on mature developer docs and explicit infrastructure API onboarding paths.,2026-07-09,real_cached,official_docs_cached,False
MongoDB Atlas,Developer Infra and Data Platforms,mongodb.com/docs/atlas/api,"MongoDB Atlas exposes developer or infrastructure APIs for deployment, observability, storage, or platform automation.","api_key, oauth2, mixed",self_serve,rest,broad,none_found,buildable_today,Permission scoping matters because these APIs can mutate production state quickly.,https://www.mongodb.com/docs/atlas/api/,0.9,Classification is based on mature developer docs and explicit infrastructure API onboarding paths.,2026-07-09,real_cached,official_docs_cached,False
Datadog,Developer Infra and Data Platforms,docs.datadoghq.com/api,"Datadog exposes developer or infrastructure APIs for deployment, observability, storage, or platform automation.","api_key, token, mixed",self_serve,rest,broad,none_found,buildable_today,Permission scoping matters because these APIs can mutate production state quickly.,https://docs.datadoghq.com/api/latest/,0.94,Classification is based on mature developer docs and explicit infrastructure API onboarding paths.,2026-07-09,real_cached,official_docs_cached,False
Sentry,Developer Infra and Data Platforms,docs.sentry.io/api,"Sentry exposes developer or infrastructure APIs for deployment, observability, storage, or platform automation.",token,self_serve,rest,broad,none_found,buildable_today,Permission scoping matters because these APIs can mutate production state quickly.,https://docs.sentry.io/api/,0.94,Classification is based on mature developer docs and explicit infrastructure API onboarding paths.,2026-07-09,real_cached,official_docs_cached,False
Notion,Productivity and Project Management,developers.notion.com,"Notion exposes work-management APIs for documents, records, projects, or task automation.","oauth2, token, mixed",self_serve,rest,medium,unofficial,buildable_today,Tenant permissions and object-model quirks can still require app-specific schema work.,https://developers.notion.com/,0.97,Classification is based on public developer docs and established third-party integration ecosystems.,2026-07-09,real_cached,official_docs_cached,False
Airtable,Productivity and Project Management,airtable.com/developers,"Airtable exposes work-management APIs for documents, records, projects, or task automation.","oauth2, token, mixed",self_serve,rest,medium,unofficial,buildable_today,Tenant permissions and object-model quirks can still require app-specific schema work.,https://airtable.com/developers,0.95,Classification is based on public developer docs and established third-party integration ecosystems.,2026-07-09,real_cached,official_docs_cached,False
Linear,Productivity and Project Management,developers.linear.app,"Linear exposes work-management APIs for documents, records, projects, or task automation.",oauth2,self_serve,graphql,broad,unofficial,buildable_today,Tenant permissions and object-model quirks can still require app-specific schema work.,https://developers.linear.app/,0.96,Classification is based on public developer docs and established third-party integration ecosystems.,2026-07-09,real_cached,official_docs_cached,False
Jira,Productivity and Project Management,developer.atlassian.com,"Jira exposes work-management APIs for documents, records, projects, or task automation.","oauth2, token, mixed",self_serve,rest,broad,unofficial,buildable_today,Tenant permissions and object-model quirks can still require app-specific schema work.,"https://developer.atlassian.com/cloud/jira/platform/rest/v3/intro/, https://developer.atlassian.com/cloud/jira/platform/oauth-2-3lo-apps/",0.97,Classification is based on public developer docs and established third-party integration ecosystems.,2026-07-09,real_cached,official_docs_cached,False
Asana,Productivity and Project Management,developers.asana.com,"Asana exposes work-management APIs for documents, records, projects, or task automation.","oauth2, token, mixed",self_serve,rest,medium,none_found,buildable_today,Tenant permissions and object-model quirks can still require app-specific schema work.,https://developers.asana.com/,0.93,Classification is based on public developer docs and established third-party integration ecosystems.,2026-07-09,real_cached,official_docs_cached,False
Monday.com,Productivity and Project Management,developer.monday.com,"Monday.com exposes work-management APIs for documents, records, projects, or task automation.","oauth2, token, mixed",self_serve,graphql,broad,none_found,buildable_today,Tenant permissions and object-model quirks can still require app-specific schema work.,https://developer.monday.com/api-reference/docs,0.94,Classification is based on public developer docs and established third-party integration ecosystems.,2026-07-09,real_cached,official_docs_cached,False
ClickUp,Productivity and Project Management,clickup.com/api,"ClickUp exposes work-management APIs for documents, records, projects, or task automation.","oauth2, token, mixed",self_serve,rest,medium,none_found,buildable_today,Tenant permissions and object-model quirks can still require app-specific schema work.,https://clickup.com/api,0.89,Classification is based on public developer docs and established third-party integration ecosystems.,2026-07-09,real_cached,official_docs_cached,False
Coda,Productivity and Project Management,coda.io/developers,"Coda exposes work-management APIs for documents, records, projects, or task automation.","oauth2, token, mixed",self_serve,rest,medium,none_found,buildable_today,Tenant permissions and object-model quirks can still require app-specific schema work.,https://coda.io/developers,0.88,Classification is based on public developer docs and established third-party integration ecosystems.,2026-07-09,real_cached,official_docs_cached,False
Smartsheet,Productivity and Project Management,smartsheet.com/developers,"Smartsheet exposes work-management APIs for documents, records, projects, or task automation.","oauth2, token, mixed",self_serve,rest,medium,none_found,buildable_with_limitations,Tenant permissions and object-model quirks can still require app-specific schema work.,https://developers.smartsheet.com/api/smartsheet/openapi/home,0.85,Classification is based on public developer docs and established third-party integration ecosystems.,2026-07-09,real_cached,official_docs_cached,False
Harvest,Productivity and Project Management,help.getharvest.com/api-v2,"Harvest exposes work-management APIs for documents, records, projects, or task automation.","oauth2, token, mixed",self_serve,rest,medium,none_found,buildable_today,Tenant permissions and object-model quirks can still require app-specific schema work.,https://help.getharvest.com/api-v2/,0.89,Classification is based on public developer docs and established third-party integration ecosystems.,2026-07-09,real_cached,official_docs_cached,False
Stripe,Finance and Fintech,stripe.com/docs/api,"Stripe exposes finance-oriented APIs for payments, accounting, treasury, or financial data workflows.",api_key,partially_gated,rest,broad,unofficial,buildable_with_limitations,"Compliance, production approval, and sensitive financial scopes often introduce gating.","https://docs.stripe.com/api, https://docs.stripe.com/keys",0.97,Classification is based on official financial-platform docs and typical production access controls.,2026-07-09,real_cached,official_docs_cached,False
Plaid,Finance and Fintech,plaid.com/docs,"Plaid exposes finance-oriented APIs for payments, accounting, treasury, or financial data workflows.","oauth2, api_key, mixed",partially_gated,rest,medium,none_found,buildable_with_limitations,"Plaid has excellent docs, but production access and financial-institution coverage still require compliance-oriented setup.",https://plaid.com/docs/,0.91,Classification is based on official financial-platform docs and typical production access controls.,2026-07-09,real_cached,official_docs_cached,False
Binance,Finance and Fintech,binance-docs.github.io,"Binance exposes finance-oriented APIs for payments, accounting, treasury, or financial data workflows.",api_key,partially_gated,rest,medium,none_found,buildable_with_limitations,"Compliance, production approval, and sensitive financial scopes often introduce gating.",https://binance-docs.github.io/,0.92,Classification is based on official financial-platform docs and typical production access controls.,2026-07-09,real_cached,official_docs_cached,False
Paygent Connect,Finance and Fintech,paygent,"Paygent Connect exposes finance-oriented APIs for payments, accounting, treasury, or financial data workflows.","oauth2, api_key, mixed",gated,unclear,medium,none_found,needs_outreach,Public developer access is not obvious enough to assume self-serve financial integration access.,https://www.paygent.co.jp/,0.43,Classification is based on official financial-platform docs and typical production access controls.,2026-07-09,real_cached,official_docs_cached,True
iPayX,Finance and Fintech,ipayx.ai/docs,"iPayX exposes finance-oriented APIs for payments, accounting, treasury, or financial data workflows.","oauth2, api_key, mixed",partially_gated,rest,medium,none_found,buildable_with_limitations,"Compliance, production approval, and sensitive financial scopes often introduce gating.",https://ipayx.ai/docs,0.59,"The public docs hint suggests an API surface, but the ecosystem is less mature than larger payment platforms.",2026-07-09,real_cached,official_docs_cached,True
QuickBooks,Finance and Fintech,developer.intuit.com,"QuickBooks exposes finance-oriented APIs for payments, accounting, treasury, or financial data workflows.",oauth2,partially_gated,rest,medium,none_found,buildable_with_limitations,"Compliance, production approval, and sensitive financial scopes often introduce gating.",https://developer.intuit.com/,0.93,Classification is based on official financial-platform docs and typical production access controls.,2026-07-09,real_cached,official_docs_cached,False
Xero,Finance and Fintech,developer.xero.com,"Xero exposes finance-oriented APIs for payments, accounting, treasury, or financial data workflows.",oauth2,partially_gated,rest,medium,none_found,buildable_with_limitations,"Compliance, production approval, and sensitive financial scopes often introduce gating.",https://developer.xero.com/,0.9,Classification is based on official financial-platform docs and typical production access controls.,2026-07-09,real_cached,official_docs_cached,False
Brex,Finance and Fintech,developer.brex.com,"Brex exposes finance-oriented APIs for payments, accounting, treasury, or financial data workflows.","oauth2, api_key, mixed",partially_gated,rest,medium,none_found,buildable_with_limitations,"Compliance, production approval, and sensitive financial scopes often introduce gating.",https://developer.brex.com/,0.8,Classification is based on official financial-platform docs and typical production access controls.,2026-07-09,real_cached,official_docs_cached,False
Ramp,Finance and Fintech,docs.ramp.com,"Ramp exposes finance-oriented APIs for payments, accounting, treasury, or financial data workflows.","oauth2, api_key, mixed",partially_gated,rest,medium,none_found,buildable_today,"Compliance, production approval, and sensitive financial scopes often introduce gating.",https://docs.ramp.com/,0.83,Classification is based on official financial-platform docs and typical production access controls.,2026-07-09,real_cached,official_docs_cached,False
PitchBook,Finance and Fintech,pitchbook.com,"PitchBook exposes finance-oriented APIs for payments, accounting, treasury, or financial data workflows.","oauth2, api_key, mixed",gated,rest,medium,none_found,needs_outreach,"PitchBook is research-data rich, but access appears commercially gated rather than developer-self-serve.",https://pitchbook.com/,0.73,Classification is based on official financial-platform docs and typical production access controls.,2026-07-09,real_cached,official_docs_cached,False
NotebookLM,AI Research and Media-native,cloud.google.com/gemini,NotebookLM itself does not expose the cleanest standalone toolkit surface; access likely runs through broader Google/Gemini enterprise APIs instead.,oauth2,gated,undocumented,narrow,none_found,not_buildable_now,There is no obvious standalone public NotebookLM developer surface comparable to a first-class app API.,https://cloud.google.com/gemini,0.78,"Classification is based on public docs availability plus whether the product exposes a direct API, CLI, or MCP surface.",2026-07-09,real_cached,official_docs_cached,False
Otter AI,AI Research and Media-native,help.otter.ai,"Otter AI provides AI, meeting, research, or media-native workflows that may expose APIs, MCP servers, or CLI surfaces.","oauth2, api_key, mixed",partially_gated,mixed,medium,official,buildable_with_limitations,"API maturity varies widely, and some products expose only limited or partner-oriented surfaces.","https://help.otter.ai/, https://otter.ai/",0.79,"Classification is based on public docs availability plus whether the product exposes a direct API, CLI, or MCP surface.",2026-07-09,real_cached,official_docs_cached,False
Fathom,AI Research and Media-native,fathom.video,"Fathom provides AI, meeting, research, or media-native workflows that may expose APIs, MCP servers, or CLI surfaces.","oauth2, api_key, mixed",partially_gated,mixed,medium,none_found,buildable_with_limitations,"API maturity varies widely, and some products expose only limited or partner-oriented surfaces.",https://fathom.video/,0.64,"Classification is based on public docs availability plus whether the product exposes a direct API, CLI, or MCP surface.",2026-07-09,real_cached,official_docs_cached,True
Consensus,AI Research and Media-native,consensus.app,"Consensus provides AI, meeting, research, or media-native workflows that may expose APIs, MCP servers, or CLI surfaces.","oauth2, api_key, mixed",gated,mixed,medium,none_found,needs_outreach,"Public positioning suggests OAuth/API access exists, but it appears request-driven rather than fully self-serve.",https://consensus.app/,0.67,"Classification is based on public docs availability plus whether the product exposes a direct API, CLI, or MCP surface.",2026-07-09,real_cached,official_docs_cached,False
Reducto,AI Research and Media-native,reducto.ai,"Reducto provides AI, meeting, research, or media-native workflows that may expose APIs, MCP servers, or CLI surfaces.",api_key,partially_gated,mixed,medium,none_found,buildable_today,"API maturity varies widely, and some products expose only limited or partner-oriented surfaces.",https://reducto.ai/,0.82,"Classification is based on public docs availability plus whether the product exposes a direct API, CLI, or MCP surface.",2026-07-09,real_cached,official_docs_cached,False
Devin,AI Research and Media-native,docs.devin.ai,"Devin provides AI, meeting, research, or media-native workflows that may expose APIs, MCP servers, or CLI surfaces.","oauth2, api_key, mixed",partially_gated,mixed,medium,official,buildable_with_limitations,"API maturity varies widely, and some products expose only limited or partner-oriented surfaces.",https://docs.devin.ai/,0.81,"Classification is based on public docs availability plus whether the product exposes a direct API, CLI, or MCP surface.",2026-07-09,real_cached,official_docs_cached,False
higgsfield,AI Research and Media-native,higgsfield.ai/cli,"higgsfield provides AI, meeting, research, or media-native workflows that may expose APIs, MCP servers, or CLI surfaces.","oauth2, api_key, mixed",unclear,mixed,medium,none_found,unclear,Public developer access was not clear enough to support a confident toolkit recommendation.,https://higgsfield.ai/cli,0.34,"Classification is based on public docs availability plus whether the product exposes a direct API, CLI, or MCP surface.",2026-07-09,real_cached,official_docs_cached,True
Mermaid CLI,AI Research and Media-native,github.com/mermaid-js/mermaid-cli,Mermaid CLI is a code-native diagramming tool that can be wrapped directly as an agent tool without SaaS partnership work.,unclear,self_serve,sdk_only,narrow,none_found,buildable_today,"The surface is CLI-first rather than hosted-API-first, so packaging is straightforward but narrower.",https://github.com/mermaid-js/mermaid-cli,0.91,"Classification is based on public docs availability plus whether the product exposes a direct API, CLI, or MCP surface.",2026-07-09,real_cached,official_docs_cached,True
YouTube Transcript,AI Research and Media-native,transcriptapi.com,"YouTube Transcript provides AI, meeting, research, or media-native workflows that may expose APIs, MCP servers, or CLI surfaces.",api_key,self_serve,rest,narrow,none_found,buildable_today,"API maturity varies widely, and some products expose only limited or partner-oriented surfaces.",https://transcriptapi.com/,0.79,"Classification is based on public docs availability plus whether the product exposes a direct API, CLI, or MCP surface.",2026-07-09,real_cached,official_docs_cached,False
Grain,AI Research and Media-native,grain.com,"Grain provides AI, meeting, research, or media-native workflows that may expose APIs, MCP servers, or CLI surfaces.","oauth2, api_key, mixed",partially_gated,mixed,medium,none_found,buildable_with_limitations,"API maturity varies widely, and some products expose only limited or partner-oriented surfaces.",https://grain.com/,0.66,"Classification is based on public docs availability plus whether the product exposes a direct API, CLI, or MCP surface.",2026-07-09,real_cached,official_docs_cached,False
